Symbol,Name,Last,Change,%Chg,High,Low,Volume,Time
A,"Agilent Technologies",112.04,-1.95,-1.71%,113.66,110.75,2060781,2025-07-21
AAPL,"Apple Inc",212.48,1.3,+0.62%,215.78,211.63,51314000,2025-07-21
ABBV,"Abbvie Inc",184.85,-4.41,-2.33%,189.9,184.63,4954578,"18:30 ET"
ABNB,"Airbnb Inc Cl A",138.07,-1.27,-0.91%,139.8,137.96,2696800,2025-07-21
ABT,"Abbott Laboratories",124.42,0.75,+0.61%,126.03,121.6,10307980,"18:30 ET"
ACGL,"Arch Capital Grp Ltd",87.55,-0.8,-0.91%,88.57,87.53,2396100,2025-07-21
ACN,"Accenture Plc",282.45,0.0099999999999909,0.00%,284.6,282.18,2955745,"18:30 ET"
ADBE,"Adobe Systems Inc",367.68,1.89,+0.52%,368.28,363.13,2764100,2025-07-21
ADI,"Analog Devices",240.48,-1.37,-0.57%,245.72,240.35,2992100,2025-07-21
ADM,"Archer Daniels Midland",54.15,-0.24,-0.44%,55.05,54.13,2069949,"18:30 ET"
ADP,"Automatic Data Processing",300.9,-0.89,-0.29%,303.3,300.75,949600,2025-07-21
ADSK,"Autodesk Inc",295.16,-1.87,-0.63%,298.77,294.81,1592000,2025-07-21
AEE,"Ameren Corp",99.31,0.61,+0.62%,99.88,98.7,1249401,"18:30 ET"
AEP,"American Electric Power Company",108.54,1.14,+1.06%,109.08,107.5,2933200,2025-07-21
AES,"The Aes Corp",13.69,0.32,+2.39%,13.88,13.4,18075386,"18:30 ET"
AFL,"Aflac Inc",101.12,-0.71,-0.70%,102.38,101.11,2101968,"18:30 ET"
AIG,"American International Group",80.78,-0.43,-0.53%,81.94,80.78,2928786,"18:30 ET"
AIZ,"Assurant Inc",186.1,-1.97,-1.05%,189.48,185.85,442384,"18:30 ET"
AJG,"Arthur J. Gallagher & Company",308.24,-4.9,-1.56%,313.13,307.91,772699,"18:30 ET"
AKAM,"Akamai Technologies",78.71,0.02,+0.03%,79.91,78.64,1175300,2025-07-21
ALB,"Albemarle Corp",77.15,0.080000000000013,+0.10%,81.1,76.82,3690756,"18:30 ET"
ALGN,"Align Technology",189.02,-1.75,-0.92%,193.62,189.01,491600,2025-07-21
ALL,"Allstate Corp",192.92,-1.16,-0.60%,195.26,192.73,1211446,"18:30 ET"
ALLE,"Allegion Plc",149.61,-3.21,-2.10%,153.575,149.565,1106228,"18:30 ET"
AMAT,"Applied Materials",192.61,2.17,+1.14%,194.4,190.78,5059400,2025-07-21
AMCR,"Amcor Plc",9.41,-0.13,-1.36%,9.54,9.39,13472240,"18:30 ET"
AMD,"Adv Micro Devices",157,0.01,+0.01%,160.34,156.92,38834500,2025-07-21
AME,"Ametek Inc",178.09,-0.42,-0.24%,179.785,177.925,1676089,"18:30 ET"
AMGN,"Amgen Inc",295.87,1.11,+0.38%,297.09,293.6,2025000,2025-07-21
AMP,"Ameriprise Financial Services",534.51,-10.04,-1.84%,545,533.9,329221,"18:30 ET"
AMT,"American Tower Corp",226.5,1.73,+0.77%,227.75,225.36,1458804,"18:30 ET"
AMZN,"Amazon.com Inc",229.3,3.17,+1.40%,229.69,225.65,40259000,2025-07-21
ANET,"Arista Networks Inc",111.61,-0.17,-0.15%,113.04,110.62,6686629,"18:30 ET"
AON,"AON Plc",350.91,-5.2,-1.46%,356.61,350.75,1072337,"18:30 ET"
AOS,"Smith A.O. Corp",69.07,-1.23,-1.75%,70.73,69.03,1761517,"18:30 ET"
APA,"Apa Corp",18.6,-0.22,-1.17%,19.04,18.47,5567400,2025-07-21
APD,"Air Products and Chemicals",293.72,-1.59,-0.54%,297.025,293.6001,727878,"18:30 ET"
APH,"Amphenol Corp",103.71,0.36999999999999,+0.36%,104.16,102.52,6509406,"18:30 ET"
APO,"Apollo Asset Management Inc",148.69,-3.31,-2.18%,153.25,148.53,2303355,"18:30 ET"
APTV,"Aptiv Plc",69,0.8,+1.17%,69.07,67.51,1894132,"18:30 ET"
ARE,"Alexandria Real Estate Equities",78.27,0.099999999999994,+0.13%,79.37,77.97,1203998,"18:30 ET"
ATO,"Atmos Energy Corp",158.22,1.56,+1.00%,159.105,156.66,753412,"18:30 ET"
AVB,"Avalonbay Communities",200.79,-1.84,-0.91%,205,200.18,645095,"18:30 ET"
AVGO,"Broadcom Ltd",288.21,4.87,+1.72%,290.54,283.63,17707701,2025-07-21
AVY,"Avery Dennison Corp",179.01,0.41,+0.23%,180.53,178.7,634106,"18:30 ET"
AWK,"American Water Works",142.84,-0.07,-0.05%,144.32,142.565,753069,"18:30 ET"
AXON,"Axon Enterprise Inc",751.55,-4.54,-0.60%,758.25,741.91,377300,2025-07-21
AXP,"American Express Company",302.97,-4.98,-1.62%,309.17,302.97,2666707,"18:30 ET"
AZO,Autozone,3729.7,15.7701,+0.42%,3774.5,3705.3501,107565,"18:30 ET"
BA,"Boeing Company",229.32,-0.02,-0.01%,232.5,228.02,4181691,"18:30 ET"
BAC,"Bank of America Corp",47.48,0.16,+0.34%,48.04,47.2,32199577,"18:30 ET"
BALL,"Ball Corporation",58.01,0.16,+0.28%,58.1364,57.42,1781477,"18:30 ET"
BAX,"Baxter International Inc",27.37,-0.4,-1.44%,28.05,27.37,4306267,"18:30 ET"
BBY,"Best Buy Company",66.19,-1.36,-2.01%,68.06,65.7595,4405273,"18:30 ET"
BDX,"Becton Dickinson and Company",175.33,-3.52,-1.97%,179.58,175.31,3133931,"18:30 ET"
BEN,"Franklin Resources",24.28,-0.32,-1.30%,24.83,24.265,3363687,"18:30 ET"
BF.B,"Brown Forman Inc Cl B",28.35,-0.57,-1.97%,29.2187,28.29,3098187,"18:30 ET"
BG,"Bunge Ltd",74.24,-0.18,-0.24%,75.48,74.14,1313953,"18:30 ET"
BIIB,"Biogen Inc",122.68,-2.31,-1.85%,125.42,121.05,1402900,2025-07-21
BK,"Bank of New York Mellon Corp",98.6,-0.24,-0.24%,99.42,98.01,3337051,"18:30 ET"
BKNG,"Booking Holdings Inc",5677.15,-25.75,-0.45%,5716.5,5649.94,156200,2025-07-21
BKR,"Baker Hughes Company",39.85,0.13,+0.33%,40.21,39.47,9310800,2025-07-21
BLDR,"Builders Firstsource",121.9,-1.25,-1.02%,125.7003,121.83,1244878,"18:30 ET"
BLK,"Blackrock Inc",1093.02,-10.57,-0.96%,1110.71,1093.02,445878,"18:30 ET"
BMY,"Bristol-Myers Squibb Company",46.69,-0.67,-1.41%,47.39,46.57,9999014,"18:30 ET"
BR,"Broadridge Financial Solutions Llc",241.72,2.61,+1.09%,243.805,239.31,536192,"18:30 ET"
BRK.B,"Berkshire Hathaway Cl B",474.41,0.61000000000001,+0.13%,478.35,472,3791001,"18:30 ET"
BRO,"Brown & Brown",102.49,-1.35,-1.30%,104.07,102.435,2133928,"18:30 ET"
BSX,"Boston Scientific Corp",103.78,0.14,+0.14%,104.96,103.01,5528759,"18:30 ET"
BX,"Blackstone Inc",166.69,-2.03,-1.20%,170.14,166.54,3103230,"18:30 ET"
BXP,"Bxp Inc",69.01,0.060000000000002,+0.09%,69.7,68.72,873918,"18:30 ET"
C,"Citigroup Inc",92.65,-0.8,-0.86%,94.08,92.525,11894293,"18:30 ET"
CAG,"Conagra Brands Inc",18.75,-0.32,-1.68%,19.25,18.665,14161395,"18:30 ET"
CAH,"Cardinal Health",158.58,-0.98,-0.61%,159.68,157.04,1323897,"18:30 ET"
CARR,"Carrier Global Corp",75.97,-0.435,-0.57%,76.96,75.96,4393435,"18:30 ET"
CAT,"Caterpillar Inc",410.07,-2.13,-0.52%,417.43,409.84,1833596,"18:30 ET"
CB,"Chubb Ltd",274.02,-0.11,-0.04%,275.7424,273.34,1963810,"18:30 ET"
CBOE,"CBOE Global Markets Inc",236.26,-2.36,-0.99%,238.99,236.26,692076,"18:30 ET"
CBRE,"CBRE Group Inc",141.44,1.97,+1.41%,143.5,139.81,1361418,"18:30 ET"
CCI,"Crown Castle Inc",106.4,1.26,+1.20%,106.85,105.51,2576662,"18:30 ET"
CCL,"Carnival Corp",29.79,0.24,+0.81%,30.23,29.655,17517926,"18:30 ET"
CDNS,"Cadence Design Sys",316.32,0.75,+0.24%,318.83,315.04,1042000,2025-07-21
CDW,"CDW Corp",176.87,-2.72,-1.51%,180.11,176.76,589600,2025-07-21
CEG,"Constellation Energy Corp",317.88,-3.54,-1.10%,325.64,316.65,1936900,2025-07-21
CF,"Cf Industries Holdings",90.99,-1.64,-1.77%,92.62,90.4679,1816019,"18:30 ET"
CFG,"Citizens Financial Group Inc/Ri",48.6,0.020000000000003,+0.04%,49.24,48.51,4702733,"18:30 ET"
CHD,"Church & Dwight Company",96.49,-0.11,-0.11%,97.28,96.17,2034573,"18:30 ET"
CHRW,"C.H. Robinson Ww",96.82,-0.66,-0.68%,97.98,96.27,756000,2025-07-21
CHTR,"Charter Communications Inc",388.89,6.81,+1.78%,389.87,384.03,1367200,2025-07-21
CI,"The Cigna Group",294.8,-0.91,-0.31%,297.5605,293.53,2004333,"18:30 ET"
CINF,"Cincinnati Financial",149,-1.73,-1.15%,151.23,148.77,376000,2025-07-21
CL,"Colgate-Palmolive Company",86.64,-0.2,-0.23%,87.205,86.57,3523483,"18:30 ET"
CLX,"Clorox Company",126.57,-1.8,-1.40%,128.88,126.47,1374255,"18:30 ET"
CMCSA,"Comcast Corp A",35.01,0.47,+1.36%,35.1,34.67,15812899,2025-07-21
CME,"CME Group Inc",275,0.3,+0.11%,276.99,272,1998800,2025-07-21
CMG,"Chipotle Mexican Grill",52.46,-1.47,-2.73%,54.2,52.44,14139879,"18:30 ET"
CMI,"Cummins Inc",344.62,-5.78,-1.65%,354.36,344.53,1087420,"18:30 ET"
CMS,"Cms Energy Corp",72.25,0.33,+0.46%,72.52,71.74,1305566,"18:30 ET"
CNC,"Centene Corp",27.43,-0.52,-1.86%,28.47,27.34,27310565,"18:30 ET"
CNP,"Centerpoint Energy Inc",37.42,0.18,+0.48%,37.675,37.13,4296479,"18:30 ET"
COF,"Capital One Financial Corp",215.88,-2.4,-1.10%,219.78,215.85,2998559,"18:30 ET"
COIN,"Coinbase Global Inc Cl A",413.63,-6.15,-1.47%,436.38,413.44,16971301,2025-07-21
COO,"Cooper Companies",71.32,-1.31,-1.80%,72.87,71.3,2019200,2025-07-21
COP,Conocophillips,91,-0.64,-0.70%,92.15,90.9,4436759,"18:30 ET"
COR,"Cencora Inc",292.67,-0.2,-0.07%,294.6299,289.4744,789432,"18:30 ET"
COST,"Costco Wholesale",947.56,-3.39,-0.36%,955.76,946.6,1741300,2025-07-21
CPAY,"Corpay Inc",330.77,-1.25,-0.38%,336.01,330.7,309676,"18:30 ET"
CPB,"The Campbell's Company",30.78,-0.19,-0.63%,31.55,30.7,3859000,2025-07-21
CPRT,"Copart Inc",46.03,0.05,+0.11%,46.39,45.96,5723000,2025-07-21
CPT,"Camden Property Trust",113.24,-0.69,-0.61%,115.55,113.13,693118,"18:30 ET"
CRL,"Charles River Laboratories Intl",149.79,-4.69,-3.04%,155.685,146.26,1055650,"18:30 ET"
CRM,"Salesforce Inc",262.28,-0.1,-0.04%,264.31,261.6375,6713999,"18:30 ET"
CRWD,"Crowdstrike Holdings Inc",481.58,5.62,+1.18%,490.04,474.11,3411600,2025-07-21
CSCO,"Cisco Systems Inc",68.34,0.29,+0.43%,68.62,67.79,14672700,2025-07-21
CSGP,"Costar Group Inc",85.01,0.31,+0.37%,85.53,84.8,2874100,2025-07-21
CSX,"CSX Corp",34.36,-0.03,-0.09%,34.74,34.27,12476100,2025-07-21
CTAS,"Cintas Corp",221.32,-0.62,-0.28%,223.18,220.5,1523600,2025-07-21
CTRA,"Coterra Energy Inc",23.09,-1.3,-5.33%,24.33,23.07,8978777,"18:30 ET"
CTSH,"Cognizant Tech Sol",75.42,-0.26,-0.34%,76.11,75.32,1973400,2025-07-21
CTVA,"Corteva Inc",73,-0.05,-0.07%,73.8,72.83,2655310,"18:30 ET"
CVS,"CVS Corp",61.64,-0.32,-0.52%,62.55,61.525,7019674,"18:30 ET"
CVX,"Chevron Corp",149.68,-0.36,-0.24%,151.67,149.13,17982066,"18:30 ET"
CZR,"Caesars Entertainment Inc",29.81,-0.12,-0.40%,30.42,29.58,5253700,2025-07-21
D,"Dominion Energy Inc",57.69,-0.4,-0.69%,58.35,57.67,4380477,"18:30 ET"
DAL,"Delta Air Lines Inc",56.04,-0.25,-0.44%,56.61,55.85,6074494,"18:30 ET"
DASH,"Doordash Inc Cl A",240.53,1.36,+0.57%,242.65,237.68,2464500,2025-07-21
DAY,"Dayforce Inc",57.4,-0.85,-1.46%,58.94,57.34,930697,"18:30 ET"
DD,"Dupont Denemours Inc",75.95,0.40000000000001,+0.53%,76.99,75.7,2328192,"18:30 ET"
DDOG,"Datadog Inc Cl A",145.27,0.25,+0.17%,146.12,143.64,3681300,2025-07-21
DE,"Deere & Company",496.24,-3.58,-0.72%,506.249,496.03,1111195,"18:30 ET"
DECK,"Deckers Outdoor Corp",105.1,3.19,+3.13%,105.74,101.665,4685251,"18:30 ET"
DELL,"Dell Technologies Inc",128.96,-2.28,-1.74%,130.98,128.59,5560041,"18:30 ET"
DG,"Dollar General Corp",107.6,-2.49,-2.26%,110.28,107.34,2816724,"18:30 ET"
DGX,"Quest Diagnostics Inc",166.45,-0.46,-0.28%,167.42,165.3,1999944,"18:30 ET"
DHI,"D.R. Horton",131.22,-0.58,-0.44%,133.3,129.22,6883736,"18:30 ET"
DHR,"Danaher Corp",188.07,-1.98,-1.04%,190.33,187.55,5898379,"18:30 ET"
DIS,"Walt Disney Company",120.84,-0.58,-0.48%,121.9699,120.78,6392455,"18:30 ET"
DLR,"Digital Realty Trust",177.11,-0.87,-0.49%,180.8,176.21,1620108,"18:30 ET"
DLTR,"Dollar Tree Inc",112.31,2.19,+1.99%,113.46,110.35,3491900,2025-07-21
DOC,"Healthpeak Properties Inc",18.4,0.079999999999998,+0.44%,18.54,18.32,4484627,"18:30 ET"
DOV,"Dover Corp",186.98,-1.26,-0.67%,189.1733,186.61,1169519,"18:30 ET"
DOW,"Dow Inc",28.39,0.050000000000001,+0.18%,28.915,28.33,7026074,"18:30 ET"
DPZ,"Domino's Pizza Inc",462.24,-3.71,-0.80%,496,452.83,2382100,2025-07-21
DRI,"Darden Restaurants",206.81,-2.73,-1.30%,209.9999,206.735,926706,"18:30 ET"
DTE,"Dte Energy Company",137.89,0.63,+0.46%,138.75,136.82,1318796,"18:30 ET"
DUK,"Duke Energy Corp",119.83,1.41,+1.19%,120.28,118.45,2232506,"18:30 ET"
DVA,"Davita Healthcare Partners Inc",139.43,-1.73,-1.23%,141.37,138.65,676250,"18:30 ET"
DVN,"Devon Energy Corp",32.35,-0.5,-1.52%,33.0175,32.3,4938997,"18:30 ET"
DXCM,"Dexcom Inc",84.03,0.14,+0.17%,84.5,83.3,2078400,2025-07-21
EA,"Electronic Arts Inc",153.39,3.28,+2.19%,153.59,149.79,2758300,2025-07-21
EBAY,"Ebay Inc",79.03,0.89,+1.14%,79.23,78.29,3424800,2025-07-21
ECL,"Ecolab Inc",268.11,-0.64,-0.24%,270.57,267.51,799313,"18:30 ET"
ED,"Consolidated Edison Company",102.07,0.98999999999999,+0.98%,102.81,101.01,1667769,"18:30 ET"
EFX,"Equifax Inc",259.64,-3.45,-1.31%,265.24,258.96,1418785,"18:30 ET"
EG,"Everest Re Group",329.97,-3.1,-0.93%,334.21,329.68,313558,"18:30 ET"
EIX,"Edison International",50.92,-0.22,-0.43%,51.5,50.855,2129221,"18:30 ET"
EL,"Estee Lauder Companies",86.04,-1.17,-1.34%,87.98,86.04,2459685,"18:30 ET"
ELV,"Elevance Health Inc",276.45,-0.64,-0.23%,281.13,274.4,3583343,"18:30 ET"
EMN,"Eastman Chemical Company",77.48,-0.27,-0.35%,78.69,77.25,1086910,"18:30 ET"
EMR,"Emerson Electric Company",142.91,-1.32,-0.92%,144.94,142.86,1986235,"18:30 ET"
ENPH,"Enphase Energy Inc",39.66,0.08,+0.20%,40.88,39.13,8698800,2025-07-21
EOG,"Eog Resources",116.49,-1.19,-1.01%,118.14,116.49,3248048,"18:30 ET"
EPAM,"Epam Systems Inc",165.5,0.80000000000001,+0.49%,167.16,164.56,500792,"18:30 ET"
EQIX,"Equinix Inc",789.19,11.41,+1.47%,806.96,787.81,1001200,2025-07-21
EQR,"Equity Residential",66.98,-0.19,-0.28%,67.56,66.61,1611895,"18:30 ET"
EQT,"Eqt Corp",53.54,-5.65,-9.55%,57.985,53.465,14668743,"18:30 ET"
ERIE,"Erie Indemnity Company",352.27,-1.05,-0.30%,360.35,351.42,183200,2025-07-21
ES,"Eversource Energy",65.54,0.13000000000001,+0.20%,65.97,65.07,1379204,"18:30 ET"
ESS,"Essex Property Trust",285,-2.37,-0.82%,290,284.71,327703,"18:30 ET"
ETN,"Eaton Corp",373.66,-4.96,-1.31%,379.9,373.565,2445116,"18:30 ET"
ETR,"Entergy Corp",87.03,0.63,+0.73%,87.16,86.12,2468213,"18:30 ET"
EVRG,"Evergy Inc",69.06,0.16,+0.23%,69.57,68.76,1557300,2025-07-21
EW,"Edwards Lifesciences Corp",76.56,0.070000000000007,+0.09%,77.57,76.52,2869150,"18:30 ET"
EXC,"Exelon Corp",43.73,0.33,+0.76%,43.96,43.34,5093500,2025-07-21
EXE,"Expand Energy Corporation",99.41,-9.23,-8.50%,107.53,98.58,6033700,2025-07-21
EXPD,"Expeditors Intl",112.54,0.87,+0.78%,113.42,111.56,1382636,"18:30 ET"
EXPE,"Expedia Group Inc",185.47,0.54,+0.29%,186.62,184,1196200,2025-07-21
EXR,"Extra Space Storage Inc",147.8,-0.31,-0.21%,149.31,147.58,1146327,"18:30 ET"
F,"Ford Motor Company",11.31,0.15,+1.34%,11.45,11.21,65510114,"18:30 ET"
FANG,"Diamondback Energy",139.84,-1.53,-1.08%,141.67,139.75,1296200,2025-07-21
FAST,"Fastenal Company",46.02,-0.04,-0.09%,46.53,45.88,5933400,2025-07-21
FCX,"Freeport-Mcmoran Inc",45.19,0.39,+0.87%,46.065,45.19,11249326,"18:30 ET"
FDS,"Factset Research Systems Inc",423.08,-9.24,-2.14%,432.88,422.8,274834,"18:30 ET"
FDX,"Fedex Corp",225.73,-0.89,-0.39%,228.6761,225.665,1149804,"18:30 ET"
FE,"Firstenergy Corp",41.08,0.3,+0.74%,41.26,40.7,2687261,"18:30 ET"
FFIV,"F5 Inc",300.12,-2.05,-0.68%,302.17,298.11,292300,2025-07-21
FI,"Fiserv Inc",165.46,-0.28,-0.17%,167.07,164.89,4710458,"18:30 ET"
FICO,"Fair Isaac and Company",1531.09,-10.53,-0.68%,1568,1531.09,252706,"18:30 ET"
FIS,"Fidelity National Information Services",80.08,-0.25,-0.31%,80.79,79.71,1298341,"18:30 ET"
FITB,"Fifth Third Bancorp",42.96,-0.07,-0.16%,43.68,42.9,5847200,2025-07-21
FOX,"Fox Corp Cl B",51.07,-0.61,-1.18%,51.84,50.34,1079500,2025-07-21
FOXA,"Fox Corp Cl A",55.47,-0.78,-1.39%,56.5,54.76,2703700,2025-07-21
FRT,"Federal Realty Investment Trust",94.37,-0.3,-0.32%,95.2819,94.16,592306,"18:30 ET"
FSLR,"First Solar Inc",178.33,2.48,+1.41%,181.25,175.2,2296900,2025-07-21
FTNT,"Fortinet Inc",106.94,1.52,+1.44%,107.52,104.36,3533500,2025-07-21
FTV,"Fortive Corp",50.14,-0.39,-0.77%,50.91,50.06,3630690,"18:30 ET"
GD,"General Dynamics Corp",297.05,-1.93,-0.65%,300,296.96,1065755,"18:30 ET"
GDDY,"Godaddy Inc",168.48,-0.24,-0.14%,170.45,168.2,1242978,"18:30 ET"
GE,"GE Aerospace",262.86,-0.41,-0.16%,266.25,259.58,5208417,"18:30 ET"
GEHC,"GE Healthcare Technologies Inc",74.16,-1.8,-2.37%,75.9,74.1,3847100,2025-07-21
GEN,"Gen Digital Inc",30.29,0.02,+0.07%,30.56,30.12,2816700,2025-07-21
GEV,"GE Vernova Inc",565.91,-8.44,-1.47%,577.625,564.66,2146110,"18:30 ET"
GILD,"Gilead Sciences Inc",108.28,0.06,+0.06%,109.38,107.75,3573200,2025-07-21
GIS,"General Mills",49.18,-0.92,-1.84%,50.53,49.04,6259393,"18:30 ET"
GL,"Globe Life Inc",120.29,-1.8,-1.47%,122.465,120.16,505992,"18:30 ET"
GLW,"Corning Inc",53.9,-0.11,-0.20%,54.42,53.68,2993864,"18:30 ET"
GM,"General Motors Company",53.21,-0.01,-0.02%,54.3,53.18,13050480,"18:30 ET"
GNRC,"Generac Holdings Inc",150.25,-2.86,-1.87%,154.77,150.2,861749,"18:30 ET"
GOOG,"Alphabet Cl C",191.15,5.21,+2.80%,191.26,187.05,24568000,2025-07-21
GOOGL,"Alphabet Cl A",190.1,5.04,+2.72%,190.29,186.15,45715199,2025-07-21
GPC,"Genuine Parts Company",123.89,0.98,+0.80%,125.18,122.695,1570305,"18:30 ET"
GPN,"Global Payments Inc",81.15,-0.78,-0.95%,82.6038,81.05,2022933,"18:30 ET"
GRMN,"Garmin Ltd",226.15,-1.74,-0.76%,228.86,226.15,770989,"18:30 ET"
GS,"Goldman Sachs Group",706,-2.26,-0.32%,712.76,704.35,2006348,"18:30 ET"
GWW,"W.W. Grainger",1022.23,-6.12,-0.60%,1034.16,1021.84,254422,"18:30 ET"
HAL,"Halliburton Company",21.18,-0.04,-0.19%,21.48,21.03,16548193,"18:30 ET"
HAS,"Hasbro Inc",77.67,-0.14,-0.18%,78,76.84,2351500,2025-07-21
HBAN,"Huntington Bancshares Inc",16.81,0.1,+0.60%,17.14,16.74,38441602,2025-07-21
HCA,"Hca Holdings Inc",364.55,3.43,+0.95%,366.16,359.34,1145311,"18:30 ET"
HD,"Home Depot",364.04,4.64,+1.29%,365.78,359.84,3504221,"18:30 ET"
HIG,"The Hartford Insurance Group Inc",121.37,-1.49,-1.21%,123.305,121.34,1116160,"18:30 ET"
HII,"Huntington Ingalls Industries",252.93,-1.56,-0.61%,255.5,252.1,334217,"18:30 ET"
HLT,"Hilton Inc",270.85,-1.83,-0.67%,274.51,270.85,2139940,"18:30 ET"
HOLX,"Hologic Inc",63.69,-0.3,-0.47%,64.52,63.58,2326900,2025-07-21
HON,"Honeywell International Inc",235.22,-1.32,-0.56%,238.35,235.18,2894000,2025-07-21
HPE,"Hewlett Packard Enterprise Comp",20.66,-0.45,-2.13%,21.09,20.64,15437518,"18:30 ET"
HPQ,"HP Inc",24.83,-0.23,-0.92%,25.19,24.8,5068921,"18:30 ET"
HRL,"Hormel Foods Corp",28.89,-0.25,-0.86%,29.3525,28.86,1954278,"18:30 ET"
HSIC,"Henry Schein Inc",69.07,-0.03,-0.04%,70.19,69.04,1157300,2025-07-21
HST,"Host Marriott Financial Trust",16.08,-0.06,-0.37%,16.33,16.07,6443500,2025-07-21
HSY,"Hershey Foods Corp",176.75,5.46,+3.19%,181.28,174.18,3328570,"18:30 ET"
HUBB,"Hubbell Inc B",422.27,-8.01,-1.86%,433.47,421.89,557099,"18:30 ET"
HUM,"Humana Inc",223.43,3.02,+1.37%,226.7,220.96,2139349,"18:30 ET"
HWM,"Howmet Aerospace Inc",187.83,-2.66,-1.40%,190.67,187.295,2098396,"18:30 ET"
IBM,"Intl Business Machines",284.71,-1.16,-0.41%,287.73,284.38,3051472,"18:30 ET"
ICE,"Intercontinental Exchange",180.81,0.090000000000003,+0.05%,182.16,180.44,1757909,"18:30 ET"
IDXX,"Idexx Laboratories",520.87,6.26,+1.22%,521.12,513.02,486700,2025-07-21
IEX,"Idex Corp",180.9,-2.48,-1.35%,184.57,180.31,652523,"18:30 ET"
IFF,"International Flavors & Fragrances",76.25,0.25,+0.33%,76.78,75.99,2082892,"18:30 ET"
INCY,"Incyte Corp",67.38,-0.48,-0.71%,68.63,67.17,1331300,2025-07-21
INTC,"Intel Corp",23.26,0.16,+0.69%,23.83,23.16,61554602,2025-07-21
INTU,"Intuit Inc",763.69,11.06,+1.47%,767.93,751.51,1411700,2025-07-21
INVH,"Invitation Homes Inc",32.06,-0.18,-0.56%,32.54,32.035,2362743,"18:30 ET"
IP,"International Paper Company",51.36,1.01,+2.01%,51.73,50.51,4578647,"18:30 ET"
IPG,"Interpublic Group of Companies",24.02,-0.16,-0.66%,24.335,23.995,6627348,"18:30 ET"
IQV,"Iqvia Holdings Inc",158.96,-1.67,-1.04%,161.7,158.66,2337873,"18:30 ET"
IR,"Ingersoll Rand Inc",83.89,-1.66,-1.94%,86.38,83.89,2569528,"18:30 ET"
IRM,"Iron Mountain Inc",98.73,-0.94,-0.94%,100.03,98.3,1137590,"18:30 ET"
ISRG,"Intuitive Surg Inc",516.12,-2.5,-0.48%,523.09,514.96,1638800,2025-07-21
IT,"Gartner Inc",353.1,-2.3,-0.65%,357,352.29,952999,"18:30 ET"
ITW,"Illinois Tool Works Inc",254.64,-0.51,-0.20%,257.65,254.56,754762,"18:30 ET"
IVZ,"Invesco Plc",20.2,0.28,+1.41%,20.63,20.02,20654536,"18:30 ET"
J,"Jacobs Engineering Group Inc",137.19,-1.48,-1.07%,139.45,137.15,553208,"18:30 ET"
JBHT,"J B Hunt Transport",147.6,-1.29,-0.87%,150.95,146.93,1132900,2025-07-21
JBL,"Jabil Circuit",223.2,-0.78,-0.35%,225.98,221.54,1085296,"18:30 ET"
JCI,"Johnson Controls Intl",108.27,-0.69,-0.63%,109.18,107.88,2882638,"18:30 ET"
JKHY,"Jack Henry & Assoc",176.86,-1.78,-1.00%,179.38,176.4,371900,2025-07-21
JNJ,"Johnson & Johnson",164.36,0.66000000000003,+0.40%,164.915,162.78,8253945,"18:30 ET"
JPM,"JP Morgan Chase & Company",290.97,-0.3,-0.10%,294.18,290.58,7897470,"18:30 ET"
K,Kellanova,79.77,-0.15,-0.19%,79.9925,79.75,2656208,"18:30 ET"
KDP,"Keurig Dr Pepper Inc",33.32,-0.22,-0.66%,33.67,33.22,10604601,2025-07-21
KEY,Keycorp,18.28,-0.22,-1.19%,18.61,18.28,32000890,"18:30 ET"
KEYS,"Keysight Technologies Inc",163,0.55000000000001,+0.34%,164.3,162.78,664195,"18:30 ET"
KHC,"Kraft Heinz Company",27.48,-0.34,-1.22%,28.02,27.44,17893900,2025-07-21
KIM,"Kimco Realty Corp",21.62,-0.05,-0.23%,21.86,21.585,3225975,"18:30 ET"
KKR,"KKR & Company LP",144.28,-1.7,-1.16%,146.66,144.14,3401142,"18:30 ET"
KLAC,"K L A-Tencor Corp",937.76,6.64,+0.71%,945.01,925.65,673700,2025-07-21
KMB,"Kimberly-Clark Corp",126.71,-0.82,-0.64%,127.86,126.54,2115000,2025-07-21
KMI,"Kinder Morgan",27.11,-0.77,-2.76%,27.82,27,19409713,"18:30 ET"
KMX,"Carmax Inc",61.47,-1.15,-1.84%,62.855,61.47,2971898,"18:30 ET"
KO,"Coca-Cola Company",70.07,0.22,+0.31%,70.62,69.93,17807321,"18:30 ET"
KR,"Kroger Company",72.02,0.63,+0.88%,72.595,71.3,4504830,"18:30 ET"
KVUE,"Kenvue Inc",22.13,0.13,+0.59%,22.3,21.8033,10716744,"18:30 ET"
L,"Loews Corp",91.32,-1.06,-1.15%,93.12,91.23,537568,"18:30 ET"
LDOS,"Leidos Holdings Inc",160.74,-1.8,-1.11%,162.54,160.45,503391,"18:30 ET"
LEN,"Lennar Corp",109.43,-0.14,-0.13%,111.22,108.98,2277931,"18:30 ET"
LH,"Laboratory Corp of America Holdings",243.04,-0.68,-0.28%,245.06,241.81,644007,"18:30 ET"
LHX,"L3Harris Technologies Inc",263.09,-1.68,-0.63%,266.08,262.4765,943002,"18:30 ET"
LII,"Lennox International",601.03,-8.4,-1.38%,611.995,600.71,364547,"18:30 ET"
LIN,"Linde Plc",470.43,5.42,+1.17%,476.23,464.22,1797700,2025-07-21
LKQ,"LKQ Corp",37.11,-0.01,-0.03%,37.58,36.95,2138500,2025-07-21
LLY,"Eli Lilly and Company",762.18,-9.53,-1.23%,772,760.5,3057961,"18:30 ET"
LMT,"Lockheed Martin Corp",460.53,-3.43,-0.74%,467.36,460.53,1577642,"18:30 ET"
LNT,"Alliant Energy Corp",64.56,0.43,+0.67%,64.73,63.99,1740800,2025-07-21
LOW,"Lowe's Companies",220.91,1.75,+0.80%,222.74,219.62,2904556,"18:30 ET"
LRCX,"Lam Research Corp",101.74,1.08,+1.07%,102.59,100.73,7021200,2025-07-21
LULU,"Lululemon Athletica",223.21,-6.56,-2.86%,230.5,222.65,2981200,2025-07-21
LUV,"Southwest Airlines Company",36.86,0.35,+0.96%,37.28,36.56,9189211,"18:30 ET"
LVS,"Las Vegas Sands",48.27,-0.4,-0.82%,49.24,48.09,5653784,"18:30 ET"
LW,"Lamb Weston Holdings Inc",48.04,-0.96,-1.96%,49.5,47.87,3464689,"18:30 ET"
LYB,"Lyondellbasell Industries NV",62.65,-0.56,-0.89%,64.21,62.595,3106573,"18:30 ET"
LYV,"Live Nation Entertainment",149.44,-1.05,-0.70%,150.83,148.46,1542174,"18:30 ET"
MA,"Mastercard Inc",554.65,1.99,+0.36%,558.08,552.04,2194521,"18:30 ET"
MAA,"Mid-America Apartment Communities",150.02,-0.75,-0.50%,152.05,149.83,741173,"18:30 ET"
MAR,"Marriot Int Cl A",271.56,-1.02,-0.37%,274.7,271.21,1294300,2025-07-21
MAS,"Masco Corp",65.13,-0.43,-0.66%,66,65.04,1678152,"18:30 ET"
MCD,"McDonald's Corp",295.74,-1.33,-0.45%,298.8,295.28,3037416,"18:30 ET"
MCHP,"Microchip Technology",73.85,-0.93,-1.24%,76.09,73.8,6073100,2025-07-21
MCK,"Mckesson Corp",711.21,1.4100000000001,+0.20%,714.53,702,395786,"18:30 ET"
MCO,"Moody's Corp",500.16,0.26000000000005,+0.05%,505.72,499.25,771599,"18:30 ET"
MDLZ,"Mondelez Intl Inc",69.42,-0.39,-0.56%,70.5,69.21,6118000,2025-07-21
MDT,"Medtronic Inc",89.7,0.090000000000003,+0.10%,90.455,89.18,6016040,"18:30 ET"
MET,"Metlife Inc",76.33,-0.82,-1.06%,77.64,76.26,1885005,"18:30 ET"
META,"Meta Platforms Inc",712.97,8.69,+1.23%,717,705.76,9396000,2025-07-21
MGM,"MGM Resorts International",37.17,-0.02,-0.05%,37.68,37.105,3479390,"18:30 ET"
MHK,"Mohawk Industries",109.33,-1.84,-1.66%,112.69,109.3,802178,"18:30 ET"
MKC,"Mccormick & Company",70.74,-0.68,-0.95%,71.885,70.59,1422794,"18:30 ET"
MKTX,"Marketaxess Holdings",207.76,-1.08,-0.52%,209.74,206.75,391500,2025-07-21
MLM,"Martin Marietta Materials",563.26,-1.77,-0.31%,568.66,562.915,308600,"18:30 ET"
MMC,"Marsh & Mclennan Companies",210.01,-2.27,-1.07%,213.77,209.84,2181029,"18:30 ET"
MMM,"3M Company",152.82,-0.41,-0.27%,153.65,149.34,5194197,"18:30 ET"
MNST,"Monster Beverage Corp",59.43,0.43,+0.73%,59.63,58.79,3528900,2025-07-21
MO,"Altria Group",58.92,0.9,+1.55%,59.1099,57.9,6946220,"18:30 ET"
MOH,"Molina Healthcare Inc",176.44,-6.54,-3.57%,183.4,175,2769177,"18:30 ET"
MOS,"Mosaic Company",35.53,-0.71,-1.96%,36.32,35.28,3435339,"18:30 ET"
MPC,"Marathon Petroleum Corp",174.88,0.66999999999999,+0.38%,176.47,173.95,1458156,"18:30 ET"
MPWR,"Monolithic Power Sys",724.77,-0.47,-0.06%,737.76,723.91,408700,2025-07-21
MRK,"Merck & Company",79.31,-0.65,-0.81%,80.31,78.95,11620574,"18:30 ET"
MRNA,"Moderna Inc",30.97,-0.29,-0.93%,32.07,30.88,5763600,2025-07-21
MS,"Morgan Stanley",140.47,-0.36,-0.26%,142.52,140.1839,5853506,"18:30 ET"
MSCI,"MSCI Inc",577.97,0.029999999999973,+0.01%,582.95,574.57,1065710,"18:30 ET"
MSFT,"Microsoft Corp",510.06,0.01,0.00%,512.09,505.55,14057600,2025-07-21
MSI,"Motorola Solutions",420.91,0.45000000000005,+0.11%,424.75,417.015,642438,"18:30 ET"
MTB,"M&T Bank Corp",195.29,-0.9,-0.46%,198.15,195.18,795023,"18:30 ET"
MTCH,"Match Group Inc",32.67,0.22,+0.68%,32.85,32.42,3369200,2025-07-21
MTD,"Mettler-Toledo International",1166.48,-28.37,-2.37%,1197.1949,1165.98,125452,"18:30 ET"
MU,"Micron Technology",113.23,-1.16,-1.01%,115.92,112.67,22048398,2025-07-21
NCLH,"Norwegian Cruise Ord",23.19,-0.4,-1.70%,23.76,23.17,11721877,"18:30 ET"
NDAQ,"Nasdaq Inc",89.24,-0.13,-0.15%,89.93,88.71,2527600,2025-07-21
NDSN,"Nordson Corp",214.3,-2.77,-1.28%,218.89,213.99,281300,2025-07-21
NEE,"Nextera Energy",76.17,0.22,+0.29%,77.095,75.96,8349819,"18:30 ET"
NEM,"Newmont Mining Corp",59.86,1.67,+2.87%,60.665,58.97,11232676,"18:30 ET"
NFLX,"Netflix Inc",1233.27,24.03,+1.99%,1237.1,1198,5612500,2025-07-21
NI,"NiSource Inc",41.72,0.82,+2.00%,41.885,40.865,6664404,"18:30 ET"
NKE,"Nike Inc",74.02,1.55,+2.14%,74.81,72.91,12743243,"18:30 ET"
NOC,"Northrop Grumman Corp",515.29,-3.75,-0.72%,523.98,514.39,832661,"18:30 ET"
NOW,"Servicenow Inc",959.91,-3.49,-0.36%,969.0971,958,1112759,"18:30 ET"
NRG,"NRG Energy",152.31,0.56,+0.37%,155.2099,148.0474,2730794,"18:30 ET"
NSC,"Norfolk Southern Corp",277.38,0.71999999999997,+0.26%,279.29,275.855,1689149,"18:30 ET"
NTAP,"Netapp Inc",107.46,-0.91,-0.84%,109.06,106.92,2159700,2025-07-21
NTRS,"Northern Trust Corp",125.59,-2.34,-1.83%,127.8,125.51,1410600,2025-07-21
NUE,"Nucor Corp",142.15,1.52,+1.08%,144.115,141.745,1362101,"18:30 ET"
NVDA,"Nvidia Corp",171.38,-1.03,-0.60%,173.38,171,122572594,2025-07-21
NVR,"NVR Inc",7376.2002,-46.6299,-0.63%,7511.4502,7371.3901,16711,"18:30 ET"
NWS,"News Corp Cl B",33.55,-0.91,-2.64%,34.84,33.51,827600,2025-07-21
NWSA,"News Corp Cl A",29.16,-0.7,-2.34%,29.97,29.13,3004700,2025-07-21
NXPI,"Nxp Semiconductors",228.27,2.37,+1.05%,232.29,227.25,5999700,2025-07-21
O,"Realty Income Corp",56.39,-0.08,-0.14%,56.99,56.32,3718407,"18:30 ET"
ODFL,"Old Dominion Freight Line Inc",163.25,1.16,+0.72%,165.86,162.25,1080200,2025-07-21
OKE,"Oneok Inc",80.38,-2.92,-3.51%,83.49,80.24,3683674,"18:30 ET"
OMC,"Omnicom Group Inc",70.41,-0.65,-0.91%,71.44,70.38,4199326,"18:30 ET"
ON,"On Semiconductor",60.55,-0.17,-0.28%,63.03,60.52,7971000,2025-07-21
ORCL,"Oracle Corp",243.54,-1.91,-0.78%,246.8,243.24,7342688,"18:30 ET"
ORLY,"O'Reilly Automotive",94.15,1.81,+1.96%,94.64,92.18,5306200,2025-07-21
OTIS,"Otis Worldwide Corp",98.5,-0.94,-0.95%,99.77,98.395,2498650,"18:30 ET"
OXY,"Occidental Petroleum Corp",43,-0.62,-1.42%,43.9,42.955,7428125,"18:30 ET"
PANW,"Palo Alto Networks Inc",199.88,4.1,+2.09%,203.2,194.6,7639100,2025-07-21
PARA,"Paramount Global Cl B",13.03,0.04,+0.31%,13.12,12.96,4757900,2025-07-21
PAYC,"Paycom Software Inc",227.94,-1.77,-0.77%,230.69,227.565,412246,"18:30 ET"
PAYX,"Paychex Inc",142.66,-0.8,-0.56%,143.55,142.07,1439900,2025-07-21
PCAR,"Paccar Inc",92.91,-0.77,-0.82%,94.56,92.68,4281700,2025-07-21
PCG,"Pacific Gas & Electric Company",13.38,-0.07,-0.52%,13.53,13.37,15416426,"18:30 ET"
PEG,"Public Service Enterprise Group Inc",84.41,0.099999999999994,+0.12%,85.42,84.27,2445912,"18:30 ET"
PEP,"Pepsico Inc",141.7,-1.54,-1.08%,143.59,140.46,9023000,2025-07-21
PFE,"Pfizer Inc",24.26,-0.21,-0.86%,24.65,24.255,33660673,"18:30 ET"
PFG,"Principal Financial Group Inc",78.74,-2.32,-2.86%,81.36,78.67,1446500,2025-07-21
PG,"Procter & Gamble Company",155.03,-0.07,-0.05%,155.94,154.89,6328360,"18:30 ET"
PGR,"Progressive Corp",245.13,-1.28,-0.52%,247.39,244.915,3481379,"18:30 ET"
PH,"Parker-Hannifin Corp",711.22,-11.36,-1.57%,724.19,711.03,389637,"18:30 ET"
PHM,Pultegroup,108.65,-0.01,-0.01%,110.34,108.32,2210817,"18:30 ET"
PKG,"Packaging Corp of America",201.39,1.58,+0.79%,204.63,199.4664,843294,"18:30 ET"
PLD,"Prologis Inc",107.86,1.08,+1.01%,108.7,106.68,3838283,"18:30 ET"
PLTR,"Palantir Technologies Inc Cl A",151.79,-1.73,-1.13%,155.44,151.36,44971699,2025-07-21
PM,"Philip Morris International Inc",180.48,1.75,+0.98%,181.31,177.54,5125478,"18:30 ET"
PNC,"PNC Bank",196.03,-0.49,-0.25%,198.55,195.96,1825239,"18:30 ET"
PNR,"Pentair Ltd",104.86,-1.21,-1.14%,106.63,104.86,2524344,"18:30 ET"
PNW,"Pinnacle West Capital Corp",93.15,0.64,+0.69%,93.545,92.44,918787,"18:30 ET"
PODD,"Insulet Corp",280.96,-3.27,-1.15%,288,280.43,376400,2025-07-21
POOL,"Pool Corp",298.99,0.13,+0.04%,304.42,298.61,446200,2025-07-21
PPG,"PPG Industries",114.52,-0.01,-0.01%,115.8175,114.29,1067299,"18:30 ET"
PPL,"PPL Corp",36.2,0.22000000000001,+0.61%,36.545,35.93,5197033,"18:30 ET"
PRU,"Prudential Financial Inc",102.11,-1.16,-1.12%,103.92,102.05,1535242,"18:30 ET"
PSA,"Public Storage",284.58,0.51999999999998,+0.18%,287.3705,284,882130,"18:30 ET"
PSX,"Phillips 66",126.05,0.14999999999999,+0.12%,127.76,125.62,2505373,"18:30 ET"
PTC,"Ptc Inc",198.82,-0.79,-0.40%,200.62,197.99,728800,2025-07-21
PWR,"Quanta Services",398.66,-4.65,-1.15%,405.04,397,1003459,"18:30 ET"
PYPL,"Paypal Holdings",74.82,0.65,+0.88%,76.23,74.24,8195101,2025-07-21
QCOM,"Qualcomm Inc",158.97,4.17,+2.69%,159.93,154.91,7656900,2025-07-21
RCL,"Royal Caribbean Cruises Ltd",346.47,-3.63,-1.04%,351.78,346.22,1631040,"18:30 ET"
REG,"Regency Centers Corp",69.76,-0.11,-0.16%,70.39,69.6,894400,2025-07-21
REGN,"Regeneron Pharmaceuticals",545.53,3.01,+0.55%,552.98,542.5,708900,2025-07-21
RF,"Regions Financial Corp",26.05,0.039999999999999,+0.15%,26.42,25.87,17171905,"18:30 ET"
RJF,"Raymond James Financial",159.38,-1.28,-0.80%,161.98,159.32,1125696,"18:30 ET"
RL,"Ralph Lauren Corp",288.76,-0.73,-0.25%,293.665,288.74,592296,"18:30 ET"
RMD,"Resmed Inc",261.07,3.15,+1.22%,261.89,258.22,1012567,"18:30 ET"
ROK,"Rockwell Automation Inc",350.71,-5.29,-1.49%,357.96,350.55,599738,"18:30 ET"
ROL,"Rollins Inc",55.4,-0.4,-0.72%,56.2084,55.385,1352817,"18:30 ET"
ROP,"Roper Industries",551.91,7.12,+1.31%,555.93,535.7,914200,2025-07-21
ROST,"Ross Stores Inc",134.02,4.08,+3.14%,134.56,130.49,2749100,2025-07-21
RSG,"Republic Services",240.04,-0.46,-0.19%,241.375,238.72,1078401,"18:30 ET"
RTX,"Rtx Corp",151.56,0.060000000000002,+0.04%,153.39,151.06,7113596,"18:30 ET"
RVTY,"Revvity Inc",90.72,-2.54,-2.72%,92.905,89.53,1351371,"18:30 ET"
SBAC,"SBA Communications",234.37,0.47,+0.20%,236.73,233.97,403200,2025-07-21
SBUX,"Starbucks Corp",92.66,-1.14,-1.22%,95.29,92.61,7216100,2025-07-21
SCHW,"The Charles Schwab Corp",96.25,0.45,+0.47%,97.08,95.1518,11871318,"18:30 ET"
SHW,"Sherwin-Williams Company",341.3,1.23,+0.36%,346.1382,340.1,2350823,"18:30 ET"
SJM,"J.M. Smucker Company",105.22,-0.94,-0.89%,106.94,105.03,2510289,"18:30 ET"
SLB,"Schlumberger N.V.",33.54,0.22,+0.66%,34.28,33.46,22402630,"18:30 ET"
SMCI,"Super Micro Computer",51.5,-0.27,-0.52%,53.98,51.4,38071402,2025-07-21
SNA,"Snap-On Inc",328.39,-8.32,-2.47%,339.076,328.36,520573,"18:30 ET"
SNPS,"Synopsys Inc",591.46,6.7,+1.15%,596.43,582.65,2444900,2025-07-21
SO,"Southern Company",94.79,0.69000000000001,+0.73%,95.29,94.15,4206886,"18:30 ET"
SOLV,"Solventum Corporation",72.34,-0.94,-1.28%,73.395,72.3,436690,"18:30 ET"
SPG,"Simon Property Group",163.76,0.89999999999998,+0.55%,164.875,162.41,1502811,"18:30 ET"
SPGI,"S&P Global Inc",522.12,-2.26,-0.43%,529.81,521.94,969064,"18:30 ET"
SRE,Sempra,78.57,0.31999999999999,+0.41%,78.83,77.87,3046022,"18:30 ET"
STE,"Steris Corp",222.65,-2.93,-1.30%,225.57,222.45,643674,"18:30 ET"
STLD,"Steel Dynamics Inc",134.53,2.9,+2.20%,135.8,133,1637200,2025-07-21
STT,"State Street Corp",108.09,-0.42,-0.39%,109.35,107.82,2266650,"18:30 ET"
STX,"Seagate Technology Hldgs Plc",149.63,0.56,+0.37%,150.92,148.03,3453800,2025-07-21
STZ,"Constellation Brands Inc",167.95,-2.62,-1.54%,172.26,167.87,2235936,"18:30 ET"
SW,"Smurfit Westrock Plc",45.44,0.58,+1.29%,45.86,45.15,2404720,"18:30 ET"
SWK,"Stanley Black & Decker Inc",69.57,-0.54,-0.77%,70.9399,69.53,1556362,"18:30 ET"
SWKS,"Skyworks Solutions",72.72,-0.04,-0.06%,74.15,72.66,1877000,2025-07-21
SYF,"Synchrony Financial",69.44,-0.6,-0.86%,70.68,69.19,4299993,"18:30 ET"
SYK,"Stryker Corp",387.32,-2.08,-0.53%,391.56,386.67,791716,"18:30 ET"
SYY,"Sysco Corp",78.72,0.31,+0.40%,79.21,78.3701,2305890,"18:30 ET"
T,"AT&T Inc",27.38,0.44,+1.63%,27.72,27.25,36229143,"18:30 ET"
TAP,"Molson Coors Brewing Company",49.96,-0.1,-0.20%,50.47,49.85,1918199,"18:30 ET"
TDG,"Transdigm Group Inc",1583.67,-13.63,-0.85%,1611.89,1583.5699,165868,"18:30 ET"
TDY,"Teledyne Technologies Inc",559.27,-4.39,-0.78%,564,556.75,766459,"18:30 ET"
TECH,"Bio-Techne Corp",50.27,-1.75,-3.36%,51.97,49.71,2598900,2025-07-21
TEL,"Te Connectivity Ltd",179.51,0.53999999999999,+0.30%,180.75,177.88,2000254,"18:30 ET"
TER,"Teradyne Inc",94.82,0.9,+0.96%,97.25,94.79,2799800,2025-07-21
TFC,"Truist Financial Corp",44.73,0.48,+1.08%,45.505,44.43,9884535,"18:30 ET"
TGT,"Target Corp",101.71,-1.75,-1.69%,103.6561,101.6756,4478669,"18:30 ET"
TJX,"TJX Companies",124.94,2.77,+2.27%,125.1722,122.3,4722219,"18:30 ET"
TKO,"Tko Group Holdings Inc Cl A",168.7,-2.09,-1.22%,171.78,168.36,861003,"18:30 ET"
TMO,"Thermo Fisher Scientific Inc",404.94,-9.81,-2.37%,414.995,403.36,2733720,"18:30 ET"
TMUS,"T-Mobile US",232.62,5.41,+2.38%,233.97,229.6,4430500,2025-07-21
TPL,"Texas Pacific Land Trust",969.96,-27.15,-2.72%,1004.7089,956.73,146669,"18:30 ET"
TPR,"Tapestry Inc",106.41,2.99,+2.89%,107.4,103.685,4717989,"18:30 ET"
TRGP,"Targa Resources",163.3,-7.81,-4.56%,171.085,162.8,1424185,"18:30 ET"
TRMB,"Trimble Navigation",81.43,-0.61,-0.74%,82.25,81.21,2088500,2025-07-21
TROW,"T Rowe Price Group",104.7,-1.07,-1.01%,106.49,104.63,1233600,2025-07-21
TRV,"The Travelers Companies Inc",263.24,-2.73,-1.03%,267.6,263,1174949,"18:30 ET"
TSCO,"Tractor Supply Company",57.41,0.83,+1.47%,57.96,56.84,4681400,2025-07-21
TSLA,"Tesla Inc",328.49,-1.16,-0.35%,338,326.88,75307102,2025-07-21
TSN,"Tyson Foods",53.31,-0.1,-0.19%,53.8,53.165,2219310,"18:30 ET"
TT,"Trane Technologies Plc",442.48,-4.85,-1.08%,448.06,442.48,895057,"18:30 ET"
TTD,"Trade Desk Inc",80.03,-0.18,-0.22%,82.15,79.09,9516100,2025-07-21
TTWO,"Take-Two Interactive",231.63,0.45,+0.19%,233.24,230.06,1355700,2025-07-21
TXN,"Texas Instruments",214.57,-2.05,-0.95%,219,214.21,8260601,2025-07-21
TXT,"Textron Inc",84.75,-0.25,-0.29%,85.57,84.525,1698952,"18:30 ET"
TYL,"Tyler Technologies",560.03,-4.33,-0.77%,570.72,560,182786,"18:30 ET"
UAL,"United Airlines Holdings Inc",92.35,0.1,+0.11%,92.93,91.07,6664000,2025-07-21
UBER,"Uber Technologies Inc",91.16,0.56999999999999,+0.63%,91.93,90.5296,12144598,"18:30 ET"
UDR,"United Dominion Realty Trust",40.6,-0.13,-0.32%,41.08,40.4,2487237,"18:30 ET"
UHS,"Universal Health Services",168.75,-0.19,-0.11%,170.46,167.87,479062,"18:30 ET"
ULTA,"Ulta Beauty Inc",497.41,4.11,+0.83%,500.95,490.14,608800,2025-07-21
UNH,"Unitedhealth Group Inc",282.14,-0.51,-0.18%,286.5,281.2,10315140,"18:30 ET"
UNP,"Union Pacific Corp",225.85,0.97999999999999,+0.44%,227.32,224.9201,2814103,"18:30 ET"
UPS,"United Parcel Service",98.9,-0.32,-0.32%,99.6,98.73,3750223,"18:30 ET"
URI,"United Rentals",778.02,-30.03,-3.72%,815.9,777.985,721501,"18:30 ET"
USB,"U.S. Bancorp",45.78,0.090000000000003,+0.20%,46.5,45.75,10538231,"18:30 ET"
V,"Visa Inc",350.94,1.89,+0.54%,353.65,348.4,5215892,"18:30 ET"
VICI,"Vici Properties Inc",32.75,-0.15,-0.46%,33.15,32.73,5135893,"18:30 ET"
VLO,"Valero Energy Corp",146.28,0.13,+0.09%,147.5,144.77,2129503,"18:30 ET"
VLTO,"Veralto Corporation",102.11,-1.23,-1.19%,103.86,102.06,1707977,"18:30 ET"
VMC,"Vulcan Materials Company",265.01,-1.59,-0.60%,269.35,264.74,864547,"18:30 ET"
VRSK,"Verisk Analytics Inc",299.56,-2.34,-0.78%,303.72,299.4,567000,2025-07-21
VRSN,"Verisign Inc",284.17,0.74,+0.26%,285.74,281.21,475300,2025-07-21
VRTX,"Vertex Pharmaceutic",458.49,-1.32,-0.29%,462.31,456.83,801000,2025-07-21
VST,"Vistra Energy Corp",188.23,-4.78,-2.48%,193.69,186.91,4315781,"18:30 ET"
VTR,"Ventas Inc",66.44,0.64,+0.97%,66.48,65.38,1846128,"18:30 ET"
VTRS,"Viatris Inc",8.9,0.02,+0.23%,9.05,8.87,7008000,2025-07-21
VZ,"Verizon Communications Inc",42.49,1.65,+4.04%,43.08,41.68,47572828,"18:30 ET"
WAB,"Wabtec Corp",209.88,-2.03,-0.96%,212.61,209.76,721603,"18:30 ET"
WAT,"Waters Corp",281.66,-5.87,-2.04%,285.875,279.615,1818464,"18:30 ET"
WBA,"Walgreens Boots Alliance",11.52,0.03,+0.26%,11.54,11.46,6813100,2025-07-21
WBD,"Discovery Inc Series A",12.8,0.05,+0.39%,12.89,12.66,62747301,2025-07-21
WDAY,"Workday Inc",233.71,0.65,+0.28%,235.84,232.07,2176200,2025-07-21
WDC,"Western Digital Corp",68.74,0.74,+1.09%,68.77,67.7,4067200,2025-07-21
WEC,"Wisconsin Energy Corp",108.28,0.46000000000001,+0.43%,108.845,107.34,1649159,"18:30 ET"
WELL,"Welltower Inc",160.32,1.27,+0.80%,160.94,158.46,1475051,"18:30 ET"
WFC,"Wells Fargo & Company",80.28,-0.36,-0.45%,81.46,80.17,14503171,"18:30 ET"
WM,"Waste Management",225.3,-2.02,-0.89%,227.67,225.195,1177089,"18:30 ET"
WMB,"Williams Companies",57.68,-1.67,-2.81%,59.275,57.57,6889734,"18:30 ET"
WMT,"Walmart Inc",95.67,0.62,+0.65%,96.64,95.1,13448467,"18:30 ET"
WRB,"W.R. Berkley Corp",67.8,-0.95,-1.38%,69,67.8,3349251,"18:30 ET"
WSM,Williams-Sonoma,172.2,1.81,+1.06%,174.74,170.23,966901,"18:30 ET"
WST,"West Pharmaceutical Services",210.08,-0.81,-0.38%,213.435,208.71,688485,"18:30 ET"
WTW,"Willis Towers Watson Public Ltd",302.72,-5.56,-1.80%,309.08,302.12,676900,2025-07-21
WY,"Weyerhaeuser Company",25.05,-0.26,-1.03%,25.695,25.05,4597923,"18:30 ET"
WYNN,"Wynn Resorts Ltd",106.36,-0.41,-0.38%,107.26,105.01,1761800,2025-07-21
XEL,"XCEL Energy Inc",71.57,1.19,+1.69%,71.79,70.37,2635200,2025-07-21
XOM,"Exxon Mobil Corp",108.05,0.28,+0.26%,108.77,107.44,17010295,"18:30 ET"
XYL,"Xylem Inc",131.94,-0.77,-0.58%,133.92,131.87,679356,"18:30 ET"
YUM,"Yum! Brands",145.51,-3.45,-2.32%,150.05,144.89,2512031,"18:30 ET"
ZBH,"Zimmer Biomet Holdings",92.59,-0.6,-0.64%,94.57,92.59,1087001,"18:30 ET"
ZBRA,"Zebra Technologies",328.38,-3.35,-1.01%,334,328.27,371800,2025-07-21
ZTS,"Zoetis Inc Cl A",147.37,-1.23,-0.83%,150.105,147.28,2997885,2025-07-21
"Downloaded from Barchart.com as of 07-21-2025 07:02pm CDT"
